{"cameraMode":{"drawMode":0,"name":"Shaded","section":"Shading Mode"},"sceneLighting":true,"audioPlay":false,"sceneViewState":{"showFog":true,"showMaterialUpdate":false,"showSkybox":true,"showFlares":true,"showImageEffects":true,"showParticleSystems":true},"in2DMode":false,"pivot":{"x":-0.008087992668151856,"y":-0.018500924110412599,"z":0.0505695641040802},"rotation":{"x":0.2803189754486084,"y":0.3126867115497589,"z":-0.09718592464923859,"w":0.9023502469062805},"size":0.7401952743530273,"orthographic":false}